family_label,mean,std,count,ci95
Classical feature families,0.35540255087623823,0.13364577952694923,720,0.00976214089898813
CNN,0.587994675129923,0.16800419660022184,9,0.10976274177881157
Transformer,0.6769933386846136,0.08724129063956176,9,0.05699764321784701
LSTM,0.6875644284150808,0.05003041789840368,9,0.032686539693623735
GRU,0.7710754201918287,0.03705107570541243,9,0.02420670279420276
Cnn-Gru,0.8470277940094665,0.024510215489585426,9,0.01601334078652913
MLP,0.8508576296215118,0.009819504680086766,9,0.006415409724323351
