arch,small,medium,large
MLP,0.8551884918431222,0.8466951404296253,0.8506892565917878
CNN,0.3755141454288704,0.6345147394262912,0.7539551405346074
GRU,0.7297440021308121,0.773096789782436,0.8103854686622382
LSTM,0.6701171073078142,0.7014120564997205,0.6911641214377077
Transformer,0.5627742059944442,0.7223342664126577,0.7458715436467394
