model_family,Noise,Frequency missingness,Temporal missingness,Gain variation
CNN,0.7585882385087843,0.661650120729107,0.5264261230490903,0.9247752251572599
Classical feature families,0.8356608279354458,0.7720303658870631,0.6327450565250723,0.8683439775874531
Cnn-Gru,0.9914612830776497,0.6953648707922979,0.8762390671898794,0.9656607088835065
GRU,0.9994962036839267,0.6532177186779045,0.686163484656828,0.9454899582001178
LSTM,1.0002811988504399,0.7138932750481488,0.9121780917551371,0.966739439491404
MLP,0.9994742638100056,0.7137165375557185,0.9776942746171362,0.99729337309036
Transformer,0.9825223355264474,0.5246810049375399,0.6070335051559094,0.9281072103433667
